"Program","Year","Period","Week Ending","Geo Level","State","State ANSI","Ag District","Ag District Code","County","County ANSI","Zip Code","Region","watershed_code","Watershed","Commodity","Data Item","Domain","Domain Category","Value","CV (%)"
"SURVEY","2023","YEAR","","STATE","MARYLAND","24","","","","","","","00000000","","CORN","CORN, GRAIN - YIELD, MEASURED IN BU / ACRE","TOTAL","NOT SPECIFIED","171",""
"SURVEY","2023","YEAR - AUG FORECAST","","STATE","MARYLAND","24","","","","","","","00000000","","CORN","CORN, GRAIN - YIELD, MEASURED IN BU / ACRE","TOTAL","NOT SPECIFIED","158",""
"SURVEY","2023","YEAR - NOV FORECAST","","STATE","MARYLAND","24","","","","","","","00000000","","CORN","CORN, GRAIN - YIELD, MEASURED IN BU / ACRE","TOTAL","NOT SPECIFIED","171",""
"SURVEY","2023","YEAR - OCT FORECAST","","STATE","MARYLAND","24","","","","","","","00000000","","CORN","CORN, GRAIN - YIELD, MEASURED IN BU / ACRE","TOTAL","NOT SPECIFIED","158",""
"SURVEY","2023","YEAR - SEP FORECAST","","STATE","MARYLAND","24","","","","","","","00000000","","CORN","CORN, GRAIN - YIELD, MEASURED IN BU / ACRE","TOTAL","NOT SPECIFIED","160",""
"SURVEY","2022","YEAR","","STATE","MARYLAND","24","","","","","","","00000000","","CORN","CORN, GRAIN - YIELD, MEASURED IN BU / ACRE","TOTAL","NOT SPECIFIED","165",""
"SURVEY","2022","YEAR - AUG FORECAST","","STATE","MARYLAND","24","","","","","","","00000000","","CORN","CORN, GRAIN - YIELD, MEASURED IN BU / ACRE","TOTAL","NOT SPECIFIED","172",""
"SURVEY","2022","YEAR - NOV FORECAST","","STATE","MARYLAND","24","","","","","","","00000000","","CORN","CORN, GRAIN - YIELD, MEASURED IN BU / ACRE","TOTAL","NOT SPECIFIED","170",""
"SURVEY","2022","YEAR - OCT FORECAST","","STATE","MARYLAND","24","","","","","","","00000000","","CORN","CORN, GRAIN - YIELD, MEASURED IN BU / ACRE","TOTAL","NOT SPECIFIED","174",""
"SURVEY","2022","YEAR - SEP FORECAST","","STATE","MARYLAND","24","","","","","","","00000000","","CORN","CORN, GRAIN - YIELD, MEASURED IN BU / ACRE","TOTAL","NOT SPECIFIED","172",""
"SURVEY","2021","YEAR","","STATE","MARYLAND","24","","","","","","","00000000","","CORN","CORN, GRAIN - YIELD, MEASURED IN BU / ACRE","TOTAL","NOT SPECIFIED","175",""
"SURVEY","2021","YEAR - AUG FORECAST","","STATE","MARYLAND","24","","","","","","","00000000","","CORN","CORN, GRAIN - YIELD, MEASURED IN BU / ACRE","TOTAL","NOT SPECIFIED","164",""
"SURVEY","2021","YEAR - NOV FORECAST","","STATE","MARYLAND","24","","","","","","","00000000","","CORN","CORN, GRAIN - YIELD, MEASURED IN BU / ACRE","TOTAL","NOT SPECIFIED","172",""
"SURVEY","2021","YEAR - OCT FORECAST","","STATE","MARYLAND","24","","","","","","","00000000","","CORN","CORN, GRAIN - YIELD, MEASURED IN BU / ACRE","TOTAL","NOT SPECIFIED","166",""
"SURVEY","2021","YEAR - SEP FORECAST","","STATE","MARYLAND","24","","","","","","","00000000","","CORN","CORN, GRAIN - YIELD, MEASURED IN BU / ACRE","TOTAL","NOT SPECIFIED","162",""
"SURVEY","2020","YEAR","","STATE","MARYLAND","24","","","","","","","00000000","","CORN","CORN, GRAIN - YIELD, MEASURED IN BU / ACRE","TOTAL","NOT SPECIFIED","155",""
"SURVEY","2020","YEAR - AUG FORECAST","","STATE","MARYLAND","24","","","","","","","00000000","","CORN","CORN, GRAIN - YIELD, MEASURED IN BU / ACRE","TOTAL","NOT SPECIFIED","160",""
"SURVEY","2020","YEAR - NOV FORECAST","","STATE","MARYLAND","24","","","","","","","00000000","","CORN","CORN, GRAIN - YIELD, MEASURED IN BU / ACRE","TOTAL","NOT SPECIFIED","153",""
"SURVEY","2020","YEAR - OCT FORECAST","","STATE","MARYLAND","24","","","","","","","00000000","","CORN","CORN, GRAIN - YIELD, MEASURED IN BU / ACRE","TOTAL","NOT SPECIFIED","155",""
"SURVEY","2020","YEAR - SEP FORECAST","","STATE","MARYLAND","24","","","","","","","00000000","","CORN","CORN, GRAIN - YIELD, MEASURED IN BU / ACRE","TOTAL","NOT SPECIFIED","163",""
"SURVEY","2019","YEAR","","STATE","MARYLAND","24","","","","","","","00000000","","CORN","CORN, GRAIN - YIELD, MEASURED IN BU / ACRE","TOTAL","NOT SPECIFIED","161",""
"SURVEY","2019","YEAR - AUG FORECAST","","STATE","MARYLAND","24","","","","","","","00000000","","CORN","CORN, GRAIN - YIELD, MEASURED IN BU / ACRE","TOTAL","NOT SPECIFIED","170",""
"SURVEY","2019","YEAR - NOV FORECAST","","STATE","MARYLAND","24","","","","","","","00000000","","CORN","CORN, GRAIN - YIELD, MEASURED IN BU / ACRE","TOTAL","NOT SPECIFIED","163",""
"SURVEY","2019","YEAR - OCT FORECAST","","STATE","MARYLAND","24","","","","","","","00000000","","CORN","CORN, GRAIN - YIELD, MEASURED IN BU / ACRE","TOTAL","NOT SPECIFIED","167",""
"SURVEY","2019","YEAR - SEP FORECAST","","STATE","MARYLAND","24","","","","","","","00000000","","CORN","CORN, GRAIN - YIELD, MEASURED IN BU / ACRE","TOTAL","NOT SPECIFIED","165",""
"SURVEY","2018","YEAR","","STATE","MARYLAND","24","","","","","","","00000000","","CORN","CORN, GRAIN - YIELD, MEASURED IN BU / ACRE","TOTAL","NOT SPECIFIED","146",""
"SURVEY","2018","YEAR - AUG FORECAST","","STATE","MARYLAND","24","","","","","","","00000000","","CORN","CORN, GRAIN - YIELD, MEASURED IN BU / ACRE","TOTAL","NOT SPECIFIED","168",""
"SURVEY","2018","YEAR - NOV FORECAST","","STATE","MARYLAND","24","","","","","","","00000000","","CORN","CORN, GRAIN - YIELD, MEASURED IN BU / ACRE","TOTAL","NOT SPECIFIED","152",""
"SURVEY","2018","YEAR - OCT FORECAST","","STATE","MARYLAND","24","","","","","","","00000000","","CORN","CORN, GRAIN - YIELD, MEASURED IN BU / ACRE","TOTAL","NOT SPECIFIED","162",""
"SURVEY","2018","YEAR - SEP FORECAST","","STATE","MARYLAND","24","","","","","","","00000000","","CORN","CORN, GRAIN - YIELD, MEASURED IN BU / ACRE","TOTAL","NOT SPECIFIED","175",""
"SURVEY","2017","YEAR","","STATE","MARYLAND","24","","","","","","","00000000","","CORN","CORN, GRAIN - YIELD, MEASURED IN BU / ACRE","TOTAL","NOT SPECIFIED","172",""
"SURVEY","2017","YEAR - AUG FORECAST","","STATE","MARYLAND","24","","","","","","","00000000","","CORN","CORN, GRAIN - YIELD, MEASURED IN BU / ACRE","TOTAL","NOT SPECIFIED","160",""
"SURVEY","2017","YEAR - NOV FORECAST","","STATE","MARYLAND","24","","","","","","","00000000","","CORN","CORN, GRAIN - YIELD, MEASURED IN BU / ACRE","TOTAL","NOT SPECIFIED","174",""
"SURVEY","2017","YEAR - OCT FORECAST","","STATE","MARYLAND","24","","","","","","","00000000","","CORN","CORN, GRAIN - YIELD, MEASURED IN BU / ACRE","TOTAL","NOT SPECIFIED","166",""
"SURVEY","2017","YEAR - SEP FORECAST","","STATE","MARYLAND","24","","","","","","","00000000","","CORN","CORN, GRAIN - YIELD, MEASURED IN BU / ACRE","TOTAL","NOT SPECIFIED","164",""
"SURVEY","2016","YEAR","","STATE","MARYLAND","24","","","","","","","00000000","","CORN","CORN, GRAIN - YIELD, MEASURED IN BU / ACRE","TOTAL","NOT SPECIFIED","152",""
"SURVEY","2016","YEAR - AUG FORECAST","","STATE","MARYLAND","24","","","","","","","00000000","","CORN","CORN, GRAIN - YIELD, MEASURED IN BU / ACRE","TOTAL","NOT SPECIFIED","170",""
"SURVEY","2016","YEAR - NOV FORECAST","","STATE","MARYLAND","24","","","","","","","00000000","","CORN","CORN, GRAIN - YIELD, MEASURED IN BU / ACRE","TOTAL","NOT SPECIFIED","165",""
"SURVEY","2016","YEAR - OCT FORECAST","","STATE","MARYLAND","24","","","","","","","00000000","","CORN","CORN, GRAIN - YIELD, MEASURED IN BU / ACRE","TOTAL","NOT SPECIFIED","163",""
"SURVEY","2016","YEAR - SEP FORECAST","","STATE","MARYLAND","24","","","","","","","00000000","","CORN","CORN, GRAIN - YIELD, MEASURED IN BU / ACRE","TOTAL","NOT SPECIFIED","170",""
"SURVEY","2015","YEAR","","STATE","MARYLAND","24","","","","","","","00000000","","CORN","CORN, GRAIN - YIELD, MEASURED IN BU / ACRE","TOTAL","NOT SPECIFIED","164",""
"SURVEY","2015","YEAR - AUG FORECAST","","STATE","MARYLAND","24","","","","","","","00000000","","CORN","CORN, GRAIN - YIELD, MEASURED IN BU / ACRE","TOTAL","NOT SPECIFIED","165",""
"SURVEY","2015","YEAR - NOV FORECAST","","STATE","MARYLAND","24","","","","","","","00000000","","CORN","CORN, GRAIN - YIELD, MEASURED IN BU / ACRE","TOTAL","NOT SPECIFIED","178",""
"SURVEY","2015","YEAR - OCT FORECAST","","STATE","MARYLAND","24","","","","","","","00000000","","CORN","CORN, GRAIN - YIELD, MEASURED IN BU / ACRE","TOTAL","NOT SPECIFIED","181",""
"SURVEY","2015","YEAR - SEP FORECAST","","STATE","MARYLAND","24","","","","","","","00000000","","CORN","CORN, GRAIN - YIELD, MEASURED IN BU / ACRE","TOTAL","NOT SPECIFIED","172",""
"SURVEY","2014","YEAR","","STATE","MARYLAND","24","","","","","","","00000000","","CORN","CORN, GRAIN - YIELD, MEASURED IN BU / ACRE","TOTAL","NOT SPECIFIED","175",""
"SURVEY","2014","YEAR - AUG FORECAST","","STATE","MARYLAND","24","","","","","","","00000000","","CORN","CORN, GRAIN - YIELD, MEASURED IN BU / ACRE","TOTAL","NOT SPECIFIED","158",""
"SURVEY","2014","YEAR - NOV FORECAST","","STATE","MARYLAND","24","","","","","","","00000000","","CORN","CORN, GRAIN - YIELD, MEASURED IN BU / ACRE","TOTAL","NOT SPECIFIED","170",""
"SURVEY","2014","YEAR - OCT FORECAST","","STATE","MARYLAND","24","","","","","","","00000000","","CORN","CORN, GRAIN - YIELD, MEASURED IN BU / ACRE","TOTAL","NOT SPECIFIED","170",""
"SURVEY","2014","YEAR - SEP FORECAST","","STATE","MARYLAND","24","","","","","","","00000000","","CORN","CORN, GRAIN - YIELD, MEASURED IN BU / ACRE","TOTAL","NOT SPECIFIED","166",""
"SURVEY","2013","YEAR","","STATE","MARYLAND","24","","","","","","","00000000","","CORN","CORN, GRAIN - YIELD, MEASURED IN BU / ACRE","TOTAL","NOT SPECIFIED","158",""
"SURVEY","2013","YEAR - AUG FORECAST","","STATE","MARYLAND","24","","","","","","","00000000","","CORN","CORN, GRAIN - YIELD, MEASURED IN BU / ACRE","TOTAL","NOT SPECIFIED","155",""
"SURVEY","2013","YEAR - NOV FORECAST","","STATE","MARYLAND","24","","","","","","","00000000","","CORN","CORN, GRAIN - YIELD, MEASURED IN BU / ACRE","TOTAL","NOT SPECIFIED","158",""
"SURVEY","2013","YEAR - SEP FORECAST","","STATE","MARYLAND","24","","","","","","","00000000","","CORN","CORN, GRAIN - YIELD, MEASURED IN BU / ACRE","TOTAL","NOT SPECIFIED","155",""
"SURVEY","2012","YEAR","","STATE","MARYLAND","24","","","","","","","00000000","","CORN","CORN, GRAIN - YIELD, MEASURED IN BU / ACRE","TOTAL","NOT SPECIFIED","122",""
"SURVEY","2012","YEAR - AUG FORECAST","","STATE","MARYLAND","24","","","","","","","00000000","","CORN","CORN, GRAIN - YIELD, MEASURED IN BU / ACRE","TOTAL","NOT SPECIFIED","110",""
"SURVEY","2012","YEAR - NOV FORECAST","","STATE","MARYLAND","24","","","","","","","00000000","","CORN","CORN, GRAIN - YIELD, MEASURED IN BU / ACRE","TOTAL","NOT SPECIFIED","115",""
"SURVEY","2012","YEAR - OCT FORECAST","","STATE","MARYLAND","24","","","","","","","00000000","","CORN","CORN, GRAIN - YIELD, MEASURED IN BU / ACRE","TOTAL","NOT SPECIFIED","115",""
"SURVEY","2012","YEAR - SEP FORECAST","","STATE","MARYLAND","24","","","","","","","00000000","","CORN","CORN, GRAIN - YIELD, MEASURED IN BU / ACRE","TOTAL","NOT SPECIFIED","115",""
"SURVEY","2011","YEAR","","STATE","MARYLAND","24","","","","","","","00000000","","CORN","CORN, GRAIN - YIELD, MEASURED IN BU / ACRE","TOTAL","NOT SPECIFIED","109",""
"SURVEY","2011","YEAR - AUG FORECAST","","STATE","MARYLAND","24","","","","","","","00000000","","CORN","CORN, GRAIN - YIELD, MEASURED IN BU / ACRE","TOTAL","NOT SPECIFIED","104",""
"SURVEY","2011","YEAR - NOV FORECAST","","STATE","MARYLAND","24","","","","","","","00000000","","CORN","CORN, GRAIN - YIELD, MEASURED IN BU / ACRE","TOTAL","NOT SPECIFIED","105",""
"SURVEY","2011","YEAR - OCT FORECAST","","STATE","MARYLAND","24","","","","","","","00000000","","CORN","CORN, GRAIN - YIELD, MEASURED IN BU / ACRE","TOTAL","NOT SPECIFIED","105",""
"SURVEY","2011","YEAR - SEP FORECAST","","STATE","MARYLAND","24","","","","","","","00000000","","CORN","CORN, GRAIN - YIELD, MEASURED IN BU / ACRE","TOTAL","NOT SPECIFIED","104",""
"SURVEY","2010","YEAR","","STATE","MARYLAND","24","","","","","","","00000000","","CORN","CORN, GRAIN - YIELD, MEASURED IN BU / ACRE","TOTAL","NOT SPECIFIED","106",""
"SURVEY","2010","YEAR - AUG FORECAST","","STATE","MARYLAND","24","","","","","","","00000000","","CORN","CORN, GRAIN - YIELD, MEASURED IN BU / ACRE","TOTAL","NOT SPECIFIED","100",""
"SURVEY","2010","YEAR - NOV FORECAST","","STATE","MARYLAND","24","","","","","","","00000000","","CORN","CORN, GRAIN - YIELD, MEASURED IN BU / ACRE","TOTAL","NOT SPECIFIED","100",""
"SURVEY","2010","YEAR - OCT FORECAST","","STATE","MARYLAND","24","","","","","","","00000000","","CORN","CORN, GRAIN - YIELD, MEASURED IN BU / ACRE","TOTAL","NOT SPECIFIED","95",""
"SURVEY","2010","YEAR - SEP FORECAST","","STATE","MARYLAND","24","","","","","","","00000000","","CORN","CORN, GRAIN - YIELD, MEASURED IN BU / ACRE","TOTAL","NOT SPECIFIED","100",""
"SURVEY","2009","YEAR","","STATE","MARYLAND","24","","","","","","","00000000","","CORN","CORN, GRAIN - YIELD, MEASURED IN BU / ACRE","TOTAL","NOT SPECIFIED","145",""
"SURVEY","2009","YEAR - AUG FORECAST","","STATE","MARYLAND","24","","","","","","","00000000","","CORN","CORN, GRAIN - YIELD, MEASURED IN BU / ACRE","TOTAL","NOT SPECIFIED","133",""
"SURVEY","2009","YEAR - NOV FORECAST","","STATE","MARYLAND","24","","","","","","","00000000","","CORN","CORN, GRAIN - YIELD, MEASURED IN BU / ACRE","TOTAL","NOT SPECIFIED","145",""
"SURVEY","2009","YEAR - OCT FORECAST","","STATE","MARYLAND","24","","","","","","","00000000","","CORN","CORN, GRAIN - YIELD, MEASURED IN BU / ACRE","TOTAL","NOT SPECIFIED","145",""
"SURVEY","2009","YEAR - SEP FORECAST","","STATE","MARYLAND","24","","","","","","","00000000","","CORN","CORN, GRAIN - YIELD, MEASURED IN BU / ACRE","TOTAL","NOT SPECIFIED","138",""
"SURVEY","2008","YEAR","","STATE","MARYLAND","24","","","","","","","00000000","","CORN","CORN, GRAIN - YIELD, MEASURED IN BU / ACRE","TOTAL","NOT SPECIFIED","121",""
"SURVEY","2008","YEAR - AUG FORECAST","","STATE","MARYLAND","24","","","","","","","00000000","","CORN","CORN, GRAIN - YIELD, MEASURED IN BU / ACRE","TOTAL","NOT SPECIFIED","130",""
"SURVEY","2008","YEAR - NOV FORECAST","","STATE","MARYLAND","24","","","","","","","00000000","","CORN","CORN, GRAIN - YIELD, MEASURED IN BU / ACRE","TOTAL","NOT SPECIFIED","121",""
"SURVEY","2008","YEAR - OCT FORECAST","","STATE","MARYLAND","24","","","","","","","00000000","","CORN","CORN, GRAIN - YIELD, MEASURED IN BU / ACRE","TOTAL","NOT SPECIFIED","121",""
"SURVEY","2008","YEAR - SEP FORECAST","","STATE","MARYLAND","24","","","","","","","00000000","","CORN","CORN, GRAIN - YIELD, MEASURED IN BU / ACRE","TOTAL","NOT SPECIFIED","126",""
"SURVEY","2007","YEAR","","STATE","MARYLAND","24","","","","","","","00000000","","CORN","CORN, GRAIN - YIELD, MEASURED IN BU / ACRE","TOTAL","NOT SPECIFIED","101",""
"SURVEY","2007","YEAR - AUG FORECAST","","STATE","MARYLAND","24","","","","","","","00000000","","CORN","CORN, GRAIN - YIELD, MEASURED IN BU / ACRE","TOTAL","NOT SPECIFIED","90",""
"SURVEY","2007","YEAR - NOV FORECAST","","STATE","MARYLAND","24","","","","","","","00000000","","CORN","CORN, GRAIN - YIELD, MEASURED IN BU / ACRE","TOTAL","NOT SPECIFIED","90",""
"SURVEY","2007","YEAR - OCT FORECAST","","STATE","MARYLAND","24","","","","","","","00000000","","CORN","CORN, GRAIN - YIELD, MEASURED IN BU / ACRE","TOTAL","NOT SPECIFIED","85",""
"SURVEY","2007","YEAR - SEP FORECAST","","STATE","MARYLAND","24","","","","","","","00000000","","CORN","CORN, GRAIN - YIELD, MEASURED IN BU / ACRE","TOTAL","NOT SPECIFIED","85",""
"SURVEY","2006","YEAR","","STATE","MARYLAND","24","","","","","","","00000000","","CORN","CORN, GRAIN - YIELD, MEASURED IN BU / ACRE","TOTAL","NOT SPECIFIED","140",""
"SURVEY","2006","YEAR - AUG FORECAST","","STATE","MARYLAND","24","","","","","","","00000000","","CORN","CORN, GRAIN - YIELD, MEASURED IN BU / ACRE","TOTAL","NOT SPECIFIED","142",""
"SURVEY","2006","YEAR - NOV FORECAST","","STATE","MARYLAND","24","","","","","","","00000000","","CORN","CORN, GRAIN - YIELD, MEASURED IN BU / ACRE","TOTAL","NOT SPECIFIED","140",""
"SURVEY","2006","YEAR - OCT FORECAST","","STATE","MARYLAND","24","","","","","","","00000000","","CORN","CORN, GRAIN - YIELD, MEASURED IN BU / ACRE","TOTAL","NOT SPECIFIED","140",""
"SURVEY","2006","YEAR - SEP FORECAST","","STATE","MARYLAND","24","","","","","","","00000000","","CORN","CORN, GRAIN - YIELD, MEASURED IN BU / ACRE","TOTAL","NOT SPECIFIED","142",""
"SURVEY","2005","YEAR","","STATE","MARYLAND","24","","","","","","","00000000","","CORN","CORN, GRAIN - YIELD, MEASURED IN BU / ACRE","TOTAL","NOT SPECIFIED","135",""
"SURVEY","2005","YEAR - AUG FORECAST","","STATE","MARYLAND","24","","","","","","","00000000","","CORN","CORN, GRAIN - YIELD, MEASURED IN BU / ACRE","TOTAL","NOT SPECIFIED","135",""
"SURVEY","2005","YEAR - NOV FORECAST","","STATE","MARYLAND","24","","","","","","","00000000","","CORN","CORN, GRAIN - YIELD, MEASURED IN BU / ACRE","TOTAL","NOT SPECIFIED","142",""
"SURVEY","2005","YEAR - OCT FORECAST","","STATE","MARYLAND","24","","","","","","","00000000","","CORN","CORN, GRAIN - YIELD, MEASURED IN BU / ACRE","TOTAL","NOT SPECIFIED","140",""
"SURVEY","2005","YEAR - SEP FORECAST","","STATE","MARYLAND","24","","","","","","","00000000","","CORN","CORN, GRAIN - YIELD, MEASURED IN BU / ACRE","TOTAL","NOT SPECIFIED","135",""
"SURVEY","2004","YEAR","","STATE","MARYLAND","24","","","","","","","00000000","","CORN","CORN, GRAIN - YIELD, MEASURED IN BU / ACRE","TOTAL","NOT SPECIFIED","153",""
"SURVEY","2004","YEAR - AUG FORECAST","","STATE","MARYLAND","24","","","","","","","00000000","","CORN","CORN, GRAIN - YIELD, MEASURED IN BU / ACRE","TOTAL","NOT SPECIFIED","141",""
"SURVEY","2004","YEAR - NOV FORECAST","","STATE","MARYLAND","24","","","","","","","00000000","","CORN","CORN, GRAIN - YIELD, MEASURED IN BU / ACRE","TOTAL","NOT SPECIFIED","152",""
"SURVEY","2004","YEAR - OCT FORECAST","","STATE","MARYLAND","24","","","","","","","00000000","","CORN","CORN, GRAIN - YIELD, MEASURED IN BU / ACRE","TOTAL","NOT SPECIFIED","152",""
"SURVEY","2004","YEAR - SEP FORECAST","","STATE","MARYLAND","24","","","","","","","00000000","","CORN","CORN, GRAIN - YIELD, MEASURED IN BU / ACRE","TOTAL","NOT SPECIFIED","143",""
"SURVEY","2003","YEAR","","STATE","MARYLAND","24","","","","","","","00000000","","CORN","CORN, GRAIN - YIELD, MEASURED IN BU / ACRE","TOTAL","NOT SPECIFIED","123",""
"SURVEY","2003","YEAR - AUG FORECAST","","STATE","MARYLAND","24","","","","","","","00000000","","CORN","CORN, GRAIN - YIELD, MEASURED IN BU / ACRE","TOTAL","NOT SPECIFIED","131",""
"SURVEY","2003","YEAR - NOV FORECAST","","STATE","MARYLAND","24","","","","","","","00000000","","CORN","CORN, GRAIN - YIELD, MEASURED IN BU / ACRE","TOTAL","NOT SPECIFIED","131",""
"SURVEY","2003","YEAR - OCT FORECAST","","STATE","MARYLAND","24","","","","","","","00000000","","CORN","CORN, GRAIN - YIELD, MEASURED IN BU / ACRE","TOTAL","NOT SPECIFIED","131",""
"SURVEY","2003","YEAR - SEP FORECAST","","STATE","MARYLAND","24","","","","","","","00000000","","CORN","CORN, GRAIN - YIELD, MEASURED IN BU / ACRE","TOTAL","NOT SPECIFIED","133",""
"SURVEY","2002","YEAR","","STATE","MARYLAND","24","","","","","","","00000000","","CORN","CORN, GRAIN - YIELD, MEASURED IN BU / ACRE","TOTAL","NOT SPECIFIED","74",""
"SURVEY","2002","YEAR - AUG FORECAST","","STATE","MARYLAND","24","","","","","","","00000000","","CORN","CORN, GRAIN - YIELD, MEASURED IN BU / ACRE","TOTAL","NOT SPECIFIED","87",""
"SURVEY","2002","YEAR - NOV FORECAST","","STATE","MARYLAND","24","","","","","","","00000000","","CORN","CORN, GRAIN - YIELD, MEASURED IN BU / ACRE","TOTAL","NOT SPECIFIED","76",""
"SURVEY","2002","YEAR - OCT FORECAST","","STATE","MARYLAND","24","","","","","","","00000000","","CORN","CORN, GRAIN - YIELD, MEASURED IN BU / ACRE","TOTAL","NOT SPECIFIED","78",""
"SURVEY","2002","YEAR - SEP FORECAST","","STATE","MARYLAND","24","","","","","","","00000000","","CORN","CORN, GRAIN - YIELD, MEASURED IN BU / ACRE","TOTAL","NOT SPECIFIED","78",""
"SURVEY","2001","YEAR","","STATE","MARYLAND","24","","","","","","","00000000","","CORN","CORN, GRAIN - YIELD, MEASURED IN BU / ACRE","TOTAL","NOT SPECIFIED","136",""
"SURVEY","2001","YEAR - AUG FORECAST","","STATE","MARYLAND","24","","","","","","","00000000","","CORN","CORN, GRAIN - YIELD, MEASURED IN BU / ACRE","TOTAL","NOT SPECIFIED","135",""
"SURVEY","2001","YEAR - NOV FORECAST","","STATE","MARYLAND","24","","","","","","","00000000","","CORN","CORN, GRAIN - YIELD, MEASURED IN BU / ACRE","TOTAL","NOT SPECIFIED","138",""
"SURVEY","2001","YEAR - OCT FORECAST","","STATE","MARYLAND","24","","","","","","","00000000","","CORN","CORN, GRAIN - YIELD, MEASURED IN BU / ACRE","TOTAL","NOT SPECIFIED","138",""
"SURVEY","2001","YEAR - SEP FORECAST","","STATE","MARYLAND","24","","","","","","","00000000","","CORN","CORN, GRAIN - YIELD, MEASURED IN BU / ACRE","TOTAL","NOT SPECIFIED","138",""
"SURVEY","2000","YEAR","","STATE","MARYLAND","24","","","","","","","00000000","","CORN","CORN, GRAIN - YIELD, MEASURED IN BU / ACRE","TOTAL","NOT SPECIFIED","155",""
"SURVEY","2000","YEAR - AUG FORECAST","","STATE","MARYLAND","24","","","","","","","00000000","","CORN","CORN, GRAIN - YIELD, MEASURED IN BU / ACRE","TOTAL","NOT SPECIFIED","150",""
"SURVEY","2000","YEAR - NOV FORECAST","","STATE","MARYLAND","24","","","","","","","00000000","","CORN","CORN, GRAIN - YIELD, MEASURED IN BU / ACRE","TOTAL","NOT SPECIFIED","155",""
"SURVEY","2000","YEAR - OCT FORECAST","","STATE","MARYLAND","24","","","","","","","00000000","","CORN","CORN, GRAIN - YIELD, MEASURED IN BU / ACRE","TOTAL","NOT SPECIFIED","155",""
"SURVEY","2000","YEAR - SEP FORECAST","","STATE","MARYLAND","24","","","","","","","00000000","","CORN","CORN, GRAIN - YIELD, MEASURED IN BU / ACRE","TOTAL","NOT SPECIFIED","155",""
"SURVEY","1999","YEAR","","STATE","MARYLAND","24","","","","","","","00000000","","CORN","CORN, GRAIN - YIELD, MEASURED IN BU / ACRE","TOTAL","NOT SPECIFIED","93",""
"SURVEY","1999","YEAR - AUG FORECAST","","STATE","MARYLAND","24","","","","","","","00000000","","CORN","CORN, GRAIN - YIELD, MEASURED IN BU / ACRE","TOTAL","NOT SPECIFIED","90",""
"SURVEY","1999","YEAR - NOV FORECAST","","STATE","MARYLAND","24","","","","","","","00000000","","CORN","CORN, GRAIN - YIELD, MEASURED IN BU / ACRE","TOTAL","NOT SPECIFIED","85",""
"SURVEY","1999","YEAR - OCT FORECAST","","STATE","MARYLAND","24","","","","","","","00000000","","CORN","CORN, GRAIN - YIELD, MEASURED IN BU / ACRE","TOTAL","NOT SPECIFIED","85",""
"SURVEY","1999","YEAR - SEP FORECAST","","STATE","MARYLAND","24","","","","","","","00000000","","CORN","CORN, GRAIN - YIELD, MEASURED IN BU / ACRE","TOTAL","NOT SPECIFIED","85",""
"SURVEY","1998","YEAR","","STATE","MARYLAND","24","","","","","","","00000000","","CORN","CORN, GRAIN - YIELD, MEASURED IN BU / ACRE","TOTAL","NOT SPECIFIED","109",""
"SURVEY","1998","YEAR - AUG FORECAST","","STATE","MARYLAND","24","","","","","","","00000000","","CORN","CORN, GRAIN - YIELD, MEASURED IN BU / ACRE","TOTAL","NOT SPECIFIED","105",""
"SURVEY","1998","YEAR - NOV FORECAST","","STATE","MARYLAND","24","","","","","","","00000000","","CORN","CORN, GRAIN - YIELD, MEASURED IN BU / ACRE","TOTAL","NOT SPECIFIED","95",""
"SURVEY","1998","YEAR - OCT FORECAST","","STATE","MARYLAND","24","","","","","","","00000000","","CORN","CORN, GRAIN - YIELD, MEASURED IN BU / ACRE","TOTAL","NOT SPECIFIED","100",""
"SURVEY","1998","YEAR - SEP FORECAST","","STATE","MARYLAND","24","","","","","","","00000000","","CORN","CORN, GRAIN - YIELD, MEASURED IN BU / ACRE","TOTAL","NOT SPECIFIED","100",""
"SURVEY","1997","YEAR","","STATE","MARYLAND","24","","","","","","","00000000","","CORN","CORN, GRAIN - YIELD, MEASURED IN BU / ACRE","TOTAL","NOT SPECIFIED","90",""
"SURVEY","1997","YEAR - AUG FORECAST","","STATE","MARYLAND","24","","","","","","","00000000","","CORN","CORN, GRAIN - YIELD, MEASURED IN BU / ACRE","TOTAL","NOT SPECIFIED","85",""
"SURVEY","1997","YEAR - NOV FORECAST","","STATE","MARYLAND","24","","","","","","","00000000","","CORN","CORN, GRAIN - YIELD, MEASURED IN BU / ACRE","TOTAL","NOT SPECIFIED","80",""
"SURVEY","1997","YEAR - OCT FORECAST","","STATE","MARYLAND","24","","","","","","","00000000","","CORN","CORN, GRAIN - YIELD, MEASURED IN BU / ACRE","TOTAL","NOT SPECIFIED","75",""
"SURVEY","1997","YEAR - SEP FORECAST","","STATE","MARYLAND","24","","","","","","","00000000","","CORN","CORN, GRAIN - YIELD, MEASURED IN BU / ACRE","TOTAL","NOT SPECIFIED","80",""
"SURVEY","1996","YEAR","","STATE","MARYLAND","24","","","","","","","00000000","","CORN","CORN, GRAIN - YIELD, MEASURED IN BU / ACRE","TOTAL","NOT SPECIFIED","139",""
"SURVEY","1996","YEAR - AUG FORECAST","","STATE","MARYLAND","24","","","","","","","00000000","","CORN","CORN, GRAIN - YIELD, MEASURED IN BU / ACRE","TOTAL","NOT SPECIFIED","120",""
"SURVEY","1996","YEAR - NOV FORECAST","","STATE","MARYLAND","24","","","","","","","00000000","","CORN","CORN, GRAIN - YIELD, MEASURED IN BU / ACRE","TOTAL","NOT SPECIFIED","132",""
"SURVEY","1996","YEAR - OCT FORECAST","","STATE","MARYLAND","24","","","","","","","00000000","","CORN","CORN, GRAIN - YIELD, MEASURED IN BU / ACRE","TOTAL","NOT SPECIFIED","126",""
"SURVEY","1996","YEAR - SEP FORECAST","","STATE","MARYLAND","24","","","","","","","00000000","","CORN","CORN, GRAIN - YIELD, MEASURED IN BU / ACRE","TOTAL","NOT SPECIFIED","120",""
"SURVEY","1995","YEAR","","STATE","MARYLAND","24","","","","","","","00000000","","CORN","CORN, GRAIN - YIELD, MEASURED IN BU / ACRE","TOTAL","NOT SPECIFIED","105",""
"SURVEY","1995","YEAR - AUG FORECAST","","STATE","MARYLAND","24","","","","","","","00000000","","CORN","CORN, GRAIN - YIELD, MEASURED IN BU / ACRE","TOTAL","NOT SPECIFIED","110",""
"SURVEY","1995","YEAR - NOV FORECAST","","STATE","MARYLAND","24","","","","","","","00000000","","CORN","CORN, GRAIN - YIELD, MEASURED IN BU / ACRE","TOTAL","NOT SPECIFIED","100",""
"SURVEY","1995","YEAR - OCT FORECAST","","STATE","MARYLAND","24","","","","","","","00000000","","CORN","CORN, GRAIN - YIELD, MEASURED IN BU / ACRE","TOTAL","NOT SPECIFIED","100",""
"SURVEY","1995","YEAR - SEP FORECAST","","STATE","MARYLAND","24","","","","","","","00000000","","CORN","CORN, GRAIN - YIELD, MEASURED IN BU / ACRE","TOTAL","NOT SPECIFIED","105",""
"SURVEY","1994","YEAR","","STATE","MARYLAND","24","","","","","","","00000000","","CORN","CORN, GRAIN - YIELD, MEASURED IN BU / ACRE","TOTAL","NOT SPECIFIED","118",""
"SURVEY","1994","YEAR - AUG FORECAST","","STATE","MARYLAND","24","","","","","","","00000000","","CORN","CORN, GRAIN - YIELD, MEASURED IN BU / ACRE","TOTAL","NOT SPECIFIED","110",""
"SURVEY","1994","YEAR - NOV FORECAST","","STATE","MARYLAND","24","","","","","","","00000000","","CORN","CORN, GRAIN - YIELD, MEASURED IN BU / ACRE","TOTAL","NOT SPECIFIED","114",""
"SURVEY","1994","YEAR - OCT FORECAST","","STATE","MARYLAND","24","","","","","","","00000000","","CORN","CORN, GRAIN - YIELD, MEASURED IN BU / ACRE","TOTAL","NOT SPECIFIED","105",""
"SURVEY","1994","YEAR - SEP FORECAST","","STATE","MARYLAND","24","","","","","","","00000000","","CORN","CORN, GRAIN - YIELD, MEASURED IN BU / ACRE","TOTAL","NOT SPECIFIED","110",""
"SURVEY","1993","YEAR","","STATE","MARYLAND","24","","","","","","","00000000","","CORN","CORN, GRAIN - YIELD, MEASURED IN BU / ACRE","TOTAL","NOT SPECIFIED","78",""
"SURVEY","1993","YEAR - AUG FORECAST","","STATE","MARYLAND","24","","","","","","","00000000","","CORN","CORN, GRAIN - YIELD, MEASURED IN BU / ACRE","TOTAL","NOT SPECIFIED","90",""
"SURVEY","1993","YEAR - NOV FORECAST","","STATE","MARYLAND","24","","","","","","","00000000","","CORN","CORN, GRAIN - YIELD, MEASURED IN BU / ACRE","TOTAL","NOT SPECIFIED","85",""
"SURVEY","1993","YEAR - OCT FORECAST","","STATE","MARYLAND","24","","","","","","","00000000","","CORN","CORN, GRAIN - YIELD, MEASURED IN BU / ACRE","TOTAL","NOT SPECIFIED","90",""
"SURVEY","1993","YEAR - SEP FORECAST","","STATE","MARYLAND","24","","","","","","","00000000","","CORN","CORN, GRAIN - YIELD, MEASURED IN BU / ACRE","TOTAL","NOT SPECIFIED","90",""
"SURVEY","1992","YEAR","","STATE","MARYLAND","24","","","","","","","00000000","","CORN","CORN, GRAIN - YIELD, MEASURED IN BU / ACRE","TOTAL","NOT SPECIFIED","124",""
"SURVEY","1992","YEAR - AUG FORECAST","","STATE","MARYLAND","24","","","","","","","00000000","","CORN","CORN, GRAIN - YIELD, MEASURED IN BU / ACRE","TOTAL","NOT SPECIFIED","105",""
"SURVEY","1992","YEAR - NOV FORECAST","","STATE","MARYLAND","24","","","","","","","00000000","","CORN","CORN, GRAIN - YIELD, MEASURED IN BU / ACRE","TOTAL","NOT SPECIFIED","115",""
"SURVEY","1992","YEAR - OCT FORECAST","","STATE","MARYLAND","24","","","","","","","00000000","","CORN","CORN, GRAIN - YIELD, MEASURED IN BU / ACRE","TOTAL","NOT SPECIFIED","110",""
"SURVEY","1992","YEAR - SEP FORECAST","","STATE","MARYLAND","24","","","","","","","00000000","","CORN","CORN, GRAIN - YIELD, MEASURED IN BU / ACRE","TOTAL","NOT SPECIFIED","110",""
"SURVEY","1991","YEAR","","STATE","MARYLAND","24","","","","","","","00000000","","CORN","CORN, GRAIN - YIELD, MEASURED IN BU / ACRE","TOTAL","NOT SPECIFIED","95",""
"SURVEY","1991","YEAR - AUG FORECAST","","STATE","MARYLAND","24","","","","","","","00000000","","CORN","CORN, GRAIN - YIELD, MEASURED IN BU / ACRE","TOTAL","NOT SPECIFIED","77",""
"SURVEY","1991","YEAR - NOV FORECAST","","STATE","MARYLAND","24","","","","","","","00000000","","CORN","CORN, GRAIN - YIELD, MEASURED IN BU / ACRE","TOTAL","NOT SPECIFIED","85",""
"SURVEY","1991","YEAR - OCT FORECAST","","STATE","MARYLAND","24","","","","","","","00000000","","CORN","CORN, GRAIN - YIELD, MEASURED IN BU / ACRE","TOTAL","NOT SPECIFIED","80",""
"SURVEY","1991","YEAR - SEP FORECAST","","STATE","MARYLAND","24","","","","","","","00000000","","CORN","CORN, GRAIN - YIELD, MEASURED IN BU / ACRE","TOTAL","NOT SPECIFIED","77",""
"SURVEY","1990","YEAR","","STATE","MARYLAND","24","","","","","","","00000000","","CORN","CORN, GRAIN - YIELD, MEASURED IN BU / ACRE","TOTAL","NOT SPECIFIED","118",""
"SURVEY","1990","YEAR - AUG FORECAST","","STATE","MARYLAND","24","","","","","","","00000000","","CORN","CORN, GRAIN - YIELD, MEASURED IN BU / ACRE","TOTAL","NOT SPECIFIED","100",""
"SURVEY","1990","YEAR - NOV FORECAST","","STATE","MARYLAND","24","","","","","","","00000000","","CORN","CORN, GRAIN - YIELD, MEASURED IN BU / ACRE","TOTAL","NOT SPECIFIED","110",""
"SURVEY","1990","YEAR - OCT FORECAST","","STATE","MARYLAND","24","","","","","","","00000000","","CORN","CORN, GRAIN - YIELD, MEASURED IN BU / ACRE","TOTAL","NOT SPECIFIED","110",""
"SURVEY","1990","YEAR - SEP FORECAST","","STATE","MARYLAND","24","","","","","","","00000000","","CORN","CORN, GRAIN - YIELD, MEASURED IN BU / ACRE","TOTAL","NOT SPECIFIED","104",""
"SURVEY","1989","YEAR","","STATE","MARYLAND","24","","","","","","","00000000","","CORN","CORN, GRAIN - YIELD, MEASURED IN BU / ACRE","TOTAL","NOT SPECIFIED","110",""
"SURVEY","1989","YEAR - AUG FORECAST","","STATE","MARYLAND","24","","","","","","","00000000","","CORN","CORN, GRAIN - YIELD, MEASURED IN BU / ACRE","TOTAL","NOT SPECIFIED","109",""
"SURVEY","1989","YEAR - NOV FORECAST","","STATE","MARYLAND","24","","","","","","","00000000","","CORN","CORN, GRAIN - YIELD, MEASURED IN BU / ACRE","TOTAL","NOT SPECIFIED","110",""
"SURVEY","1989","YEAR - OCT FORECAST","","STATE","MARYLAND","24","","","","","","","00000000","","CORN","CORN, GRAIN - YIELD, MEASURED IN BU / ACRE","TOTAL","NOT SPECIFIED","103",""
"SURVEY","1989","YEAR - SEP FORECAST","","STATE","MARYLAND","24","","","","","","","00000000","","CORN","CORN, GRAIN - YIELD, MEASURED IN BU / ACRE","TOTAL","NOT SPECIFIED","103",""
"SURVEY","1988","YEAR","","STATE","MARYLAND","24","","","","","","","00000000","","CORN","CORN, GRAIN - YIELD, MEASURED IN BU / ACRE","TOTAL","NOT SPECIFIED","65",""
"SURVEY","1988","YEAR - AUG FORECAST","","STATE","MARYLAND","24","","","","","","","00000000","","CORN","CORN, GRAIN - YIELD, MEASURED IN BU / ACRE","TOTAL","NOT SPECIFIED","56",""
"SURVEY","1988","YEAR - NOV FORECAST","","STATE","MARYLAND","24","","","","","","","00000000","","CORN","CORN, GRAIN - YIELD, MEASURED IN BU / ACRE","TOTAL","NOT SPECIFIED","65",""
"SURVEY","1988","YEAR - OCT FORECAST","","STATE","MARYLAND","24","","","","","","","00000000","","CORN","CORN, GRAIN - YIELD, MEASURED IN BU / ACRE","TOTAL","NOT SPECIFIED","56",""
"SURVEY","1988","YEAR - SEP FORECAST","","STATE","MARYLAND","24","","","","","","","00000000","","CORN","CORN, GRAIN - YIELD, MEASURED IN BU / ACRE","TOTAL","NOT SPECIFIED","56",""
"SURVEY","1987","YEAR","","STATE","MARYLAND","24","","","","","","","00000000","","CORN","CORN, GRAIN - YIELD, MEASURED IN BU / ACRE","TOTAL","NOT SPECIFIED","78",""
"SURVEY","1987","YEAR - AUG FORECAST","","STATE","MARYLAND","24","","","","","","","00000000","","CORN","CORN, GRAIN - YIELD, MEASURED IN BU / ACRE","TOTAL","NOT SPECIFIED","100",""
"SURVEY","1987","YEAR - NOV FORECAST","","STATE","MARYLAND","24","","","","","","","00000000","","CORN","CORN, GRAIN - YIELD, MEASURED IN BU / ACRE","TOTAL","NOT SPECIFIED","78",""
"SURVEY","1987","YEAR - OCT FORECAST","","STATE","MARYLAND","24","","","","","","","00000000","","CORN","CORN, GRAIN - YIELD, MEASURED IN BU / ACRE","TOTAL","NOT SPECIFIED","83",""
"SURVEY","1987","YEAR - SEP FORECAST","","STATE","MARYLAND","24","","","","","","","00000000","","CORN","CORN, GRAIN - YIELD, MEASURED IN BU / ACRE","TOTAL","NOT SPECIFIED","83",""
"SURVEY","1986","YEAR","","STATE","MARYLAND","24","","","","","","","00000000","","CORN","CORN, GRAIN - YIELD, MEASURED IN BU / ACRE","TOTAL","NOT SPECIFIED","73",""
"SURVEY","1986","YEAR - AUG FORECAST","","STATE","MARYLAND","24","","","","","","","00000000","","CORN","CORN, GRAIN - YIELD, MEASURED IN BU / ACRE","TOTAL","NOT SPECIFIED","60",""
"SURVEY","1986","YEAR - NOV FORECAST","","STATE","MARYLAND","24","","","","","","","00000000","","CORN","CORN, GRAIN - YIELD, MEASURED IN BU / ACRE","TOTAL","NOT SPECIFIED","68",""
"SURVEY","1986","YEAR - OCT FORECAST","","STATE","MARYLAND","24","","","","","","","00000000","","CORN","CORN, GRAIN - YIELD, MEASURED IN BU / ACRE","TOTAL","NOT SPECIFIED","68",""
"SURVEY","1986","YEAR - SEP FORECAST","","STATE","MARYLAND","24","","","","","","","00000000","","CORN","CORN, GRAIN - YIELD, MEASURED IN BU / ACRE","TOTAL","NOT SPECIFIED","70",""
"SURVEY","1985","YEAR","","STATE","MARYLAND","24","","","","","","","00000000","","CORN","CORN, GRAIN - YIELD, MEASURED IN BU / ACRE","TOTAL","NOT SPECIFIED","110",""
"SURVEY","1985","YEAR - AUG FORECAST","","STATE","MARYLAND","24","","","","","","","00000000","","CORN","CORN, GRAIN - YIELD, MEASURED IN BU / ACRE","TOTAL","NOT SPECIFIED","92",""
"SURVEY","1985","YEAR - NOV FORECAST","","STATE","MARYLAND","24","","","","","","","00000000","","CORN","CORN, GRAIN - YIELD, MEASURED IN BU / ACRE","TOTAL","NOT SPECIFIED","105",""
"SURVEY","1985","YEAR - OCT FORECAST","","STATE","MARYLAND","24","","","","","","","00000000","","CORN","CORN, GRAIN - YIELD, MEASURED IN BU / ACRE","TOTAL","NOT SPECIFIED","100",""
"SURVEY","1985","YEAR - SEP FORECAST","","STATE","MARYLAND","24","","","","","","","00000000","","CORN","CORN, GRAIN - YIELD, MEASURED IN BU / ACRE","TOTAL","NOT SPECIFIED","100",""
"SURVEY","1984","YEAR","","STATE","MARYLAND","24","","","","","","","00000000","","CORN","CORN, GRAIN - YIELD, MEASURED IN BU / ACRE","TOTAL","NOT SPECIFIED","118",""
"SURVEY","1984","YEAR - AUG FORECAST","","STATE","MARYLAND","24","","","","","","","00000000","","CORN","CORN, GRAIN - YIELD, MEASURED IN BU / ACRE","TOTAL","NOT SPECIFIED","106",""
"SURVEY","1984","YEAR - NOV FORECAST","","STATE","MARYLAND","24","","","","","","","00000000","","CORN","CORN, GRAIN - YIELD, MEASURED IN BU / ACRE","TOTAL","NOT SPECIFIED","114",""
"SURVEY","1984","YEAR - OCT FORECAST","","STATE","MARYLAND","24","","","","","","","00000000","","CORN","CORN, GRAIN - YIELD, MEASURED IN BU / ACRE","TOTAL","NOT SPECIFIED","112",""
"SURVEY","1984","YEAR - SEP FORECAST","","STATE","MARYLAND","24","","","","","","","00000000","","CORN","CORN, GRAIN - YIELD, MEASURED IN BU / ACRE","TOTAL","NOT SPECIFIED","112",""
"SURVEY","1983","YEAR","","STATE","MARYLAND","24","","","","","","","00000000","","CORN","CORN, GRAIN - YIELD, MEASURED IN BU / ACRE","TOTAL","NOT SPECIFIED","68",""
"SURVEY","1983","YEAR - AUG FORECAST","","STATE","MARYLAND","24","","","","","","","00000000","","CORN","CORN, GRAIN - YIELD, MEASURED IN BU / ACRE","TOTAL","NOT SPECIFIED","87",""
"SURVEY","1983","YEAR - NOV FORECAST","","STATE","MARYLAND","24","","","","","","","00000000","","CORN","CORN, GRAIN - YIELD, MEASURED IN BU / ACRE","TOTAL","NOT SPECIFIED","65",""
"SURVEY","1983","YEAR - OCT FORECAST","","STATE","MARYLAND","24","","","","","","","00000000","","CORN","CORN, GRAIN - YIELD, MEASURED IN BU / ACRE","TOTAL","NOT SPECIFIED","65",""
"SURVEY","1983","YEAR - SEP FORECAST","","STATE","MARYLAND","24","","","","","","","00000000","","CORN","CORN, GRAIN - YIELD, MEASURED IN BU / ACRE","TOTAL","NOT SPECIFIED","65",""
"SURVEY","1982","YEAR","","STATE","MARYLAND","24","","","","","","","00000000","","CORN","CORN, GRAIN - YIELD, MEASURED IN BU / ACRE","TOTAL","NOT SPECIFIED","103",""
"SURVEY","1982","YEAR - AUG FORECAST","","STATE","MARYLAND","24","","","","","","","00000000","","CORN","CORN, GRAIN - YIELD, MEASURED IN BU / ACRE","TOTAL","NOT SPECIFIED","100",""
"SURVEY","1982","YEAR - NOV FORECAST","","STATE","MARYLAND","24","","","","","","","00000000","","CORN","CORN, GRAIN - YIELD, MEASURED IN BU / ACRE","TOTAL","NOT SPECIFIED","103",""
"SURVEY","1982","YEAR - OCT FORECAST","","STATE","MARYLAND","24","","","","","","","00000000","","CORN","CORN, GRAIN - YIELD, MEASURED IN BU / ACRE","TOTAL","NOT SPECIFIED","101",""
"SURVEY","1982","YEAR - SEP FORECAST","","STATE","MARYLAND","24","","","","","","","00000000","","CORN","CORN, GRAIN - YIELD, MEASURED IN BU / ACRE","TOTAL","NOT SPECIFIED","100",""
"SURVEY","1981","YEAR","","STATE","MARYLAND","24","","","","","","","00000000","","CORN","CORN, GRAIN - YIELD, MEASURED IN BU / ACRE","TOTAL","NOT SPECIFIED","102",""
"SURVEY","1981","YEAR - AUG FORECAST","","STATE","MARYLAND","24","","","","","","","00000000","","CORN","CORN, GRAIN - YIELD, MEASURED IN BU / ACRE","TOTAL","NOT SPECIFIED","96",""
"SURVEY","1981","YEAR - NOV FORECAST","","STATE","MARYLAND","24","","","","","","","00000000","","CORN","CORN, GRAIN - YIELD, MEASURED IN BU / ACRE","TOTAL","NOT SPECIFIED","96",""
"SURVEY","1981","YEAR - OCT FORECAST","","STATE","MARYLAND","24","","","","","","","00000000","","CORN","CORN, GRAIN - YIELD, MEASURED IN BU / ACRE","TOTAL","NOT SPECIFIED","96",""
"SURVEY","1981","YEAR - SEP FORECAST","","STATE","MARYLAND","24","","","","","","","00000000","","CORN","CORN, GRAIN - YIELD, MEASURED IN BU / ACRE","TOTAL","NOT SPECIFIED","93",""
"SURVEY","1980","YEAR","","STATE","MARYLAND","24","","","","","","","00000000","","CORN","CORN, GRAIN - YIELD, MEASURED IN BU / ACRE","TOTAL","NOT SPECIFIED","72",""
"SURVEY","1980","YEAR - AUG FORECAST","","STATE","MARYLAND","24","","","","","","","00000000","","CORN","CORN, GRAIN - YIELD, MEASURED IN BU / ACRE","TOTAL","NOT SPECIFIED","82",""
"SURVEY","1980","YEAR - NOV FORECAST","","STATE","MARYLAND","24","","","","","","","00000000","","CORN","CORN, GRAIN - YIELD, MEASURED IN BU / ACRE","TOTAL","NOT SPECIFIED","74",""
"SURVEY","1980","YEAR - OCT FORECAST","","STATE","MARYLAND","24","","","","","","","00000000","","CORN","CORN, GRAIN - YIELD, MEASURED IN BU / ACRE","TOTAL","NOT SPECIFIED","70",""
"SURVEY","1980","YEAR - SEP FORECAST","","STATE","MARYLAND","24","","","","","","","00000000","","CORN","CORN, GRAIN - YIELD, MEASURED IN BU / ACRE","TOTAL","NOT SPECIFIED","70",""
"SURVEY","1979","YEAR","","STATE","MARYLAND","24","","","","","","","00000000","","CORN","CORN, GRAIN - YIELD, MEASURED IN BU / ACRE","TOTAL","NOT SPECIFIED","99",""
"SURVEY","1978","YEAR","","STATE","MARYLAND","24","","","","","","","00000000","","CORN","CORN, GRAIN - YIELD, MEASURED IN BU / ACRE","TOTAL","NOT SPECIFIED","97",""
"SURVEY","1977","YEAR","","STATE","MARYLAND","24","","","","","","","00000000","","CORN","CORN, GRAIN - YIELD, MEASURED IN BU / ACRE","TOTAL","NOT SPECIFIED","72",""
"SURVEY","1976","YEAR","","STATE","MARYLAND","24","","","","","","","00000000","","CORN","CORN, GRAIN - YIELD, MEASURED IN BU / ACRE","TOTAL","NOT SPECIFIED","92",""
"SURVEY","1975","YEAR","","STATE","MARYLAND","24","","","","","","","00000000","","CORN","CORN, GRAIN - YIELD, MEASURED IN BU / ACRE","TOTAL","NOT SPECIFIED","92",""
"SURVEY","1974","YEAR","","STATE","MARYLAND","24","","","","","","","00000000","","CORN","CORN, GRAIN - YIELD, MEASURED IN BU / ACRE","TOTAL","NOT SPECIFIED","86",""
"SURVEY","1973","YEAR","","STATE","MARYLAND","24","","","","","","","00000000","","CORN","CORN, GRAIN - YIELD, MEASURED IN BU / ACRE","TOTAL","NOT SPECIFIED","85",""
"SURVEY","1972","YEAR","","STATE","MARYLAND","24","","","","","","","00000000","","CORN","CORN, GRAIN - YIELD, MEASURED IN BU / ACRE","TOTAL","NOT SPECIFIED","80",""
"SURVEY","1971","YEAR","","STATE","MARYLAND","24","","","","","","","00000000","","CORN","CORN, GRAIN - YIELD, MEASURED IN BU / ACRE","TOTAL","NOT SPECIFIED","72",""
"SURVEY","1970","YEAR","","STATE","MARYLAND","24","","","","","","","00000000","","CORN","CORN, GRAIN - YIELD, MEASURED IN BU / ACRE","TOTAL","NOT SPECIFIED","83",""
"SURVEY","1969","YEAR","","STATE","MARYLAND","24","","","","","","","00000000","","CORN","CORN, GRAIN - YIELD, MEASURED IN BU / ACRE","TOTAL","NOT SPECIFIED","81",""
"SURVEY","1968","YEAR","","STATE","MARYLAND","24","","","","","","","00000000","","CORN","CORN, GRAIN - YIELD, MEASURED IN BU / ACRE","TOTAL","NOT SPECIFIED","66",""
"SURVEY","1967","YEAR","","STATE","MARYLAND","24","","","","","","","00000000","","CORN","CORN, GRAIN - YIELD, MEASURED IN BU / ACRE","TOTAL","NOT SPECIFIED","82",""
"SURVEY","1966","YEAR","","STATE","MARYLAND","24","","","","","","","00000000","","CORN","CORN, GRAIN - YIELD, MEASURED IN BU / ACRE","TOTAL","NOT SPECIFIED","44",""
"SURVEY","1965","YEAR","","STATE","MARYLAND","24","","","","","","","00000000","","CORN","CORN, GRAIN - YIELD, MEASURED IN BU / ACRE","TOTAL","NOT SPECIFIED","74",""
"SURVEY","1964","YEAR","","STATE","MARYLAND","24","","","","","","","00000000","","CORN","CORN, GRAIN - YIELD, MEASURED IN BU / ACRE","TOTAL","NOT SPECIFIED","66.5",""
"SURVEY","1963","YEAR","","STATE","MARYLAND","24","","","","","","","00000000","","CORN","CORN, GRAIN - YIELD, MEASURED IN BU / ACRE","TOTAL","NOT SPECIFIED","52",""
"SURVEY","1962","YEAR","","STATE","MARYLAND","24","","","","","","","00000000","","CORN","CORN, GRAIN - YIELD, MEASURED IN BU / ACRE","TOTAL","NOT SPECIFIED","60",""
"SURVEY","1961","YEAR","","STATE","MARYLAND","24","","","","","","","00000000","","CORN","CORN, GRAIN - YIELD, MEASURED IN BU / ACRE","TOTAL","NOT SPECIFIED","60",""
"SURVEY","1960","YEAR","","STATE","MARYLAND","24","","","","","","","00000000","","CORN","CORN, GRAIN - YIELD, MEASURED IN BU / ACRE","TOTAL","NOT SPECIFIED","60",""
"SURVEY","1959","YEAR","","STATE","MARYLAND","24","","","","","","","00000000","","CORN","CORN, GRAIN - YIELD, MEASURED IN BU / ACRE","TOTAL","NOT SPECIFIED","54.5",""
"SURVEY","1958","YEAR","","STATE","MARYLAND","24","","","","","","","00000000","","CORN","CORN, GRAIN - YIELD, MEASURED IN BU / ACRE","TOTAL","NOT SPECIFIED","62",""
"SURVEY","1957","YEAR","","STATE","MARYLAND","24","","","","","","","00000000","","CORN","CORN, GRAIN - YIELD, MEASURED IN BU / ACRE","TOTAL","NOT SPECIFIED","35",""
"SURVEY","1956","YEAR","","STATE","MARYLAND","24","","","","","","","00000000","","CORN","CORN, GRAIN - YIELD, MEASURED IN BU / ACRE","TOTAL","NOT SPECIFIED","60",""
"SURVEY","1955","YEAR","","STATE","MARYLAND","24","","","","","","","00000000","","CORN","CORN, GRAIN - YIELD, MEASURED IN BU / ACRE","TOTAL","NOT SPECIFIED","40.5",""
"SURVEY","1954","YEAR","","STATE","MARYLAND","24","","","","","","","00000000","","CORN","CORN, GRAIN - YIELD, MEASURED IN BU / ACRE","TOTAL","NOT SPECIFIED","42.5",""
"SURVEY","1953","YEAR","","STATE","MARYLAND","24","","","","","","","00000000","","CORN","CORN, GRAIN - YIELD, MEASURED IN BU / ACRE","TOTAL","NOT SPECIFIED","47",""
"SURVEY","1952","YEAR","","STATE","MARYLAND","24","","","","","","","00000000","","CORN","CORN, GRAIN - YIELD, MEASURED IN BU / ACRE","TOTAL","NOT SPECIFIED","47",""
"SURVEY","1951","YEAR","","STATE","MARYLAND","24","","","","","","","00000000","","CORN","CORN, GRAIN - YIELD, MEASURED IN BU / ACRE","TOTAL","NOT SPECIFIED","47",""
"SURVEY","1950","YEAR","","STATE","MARYLAND","24","","","","","","","00000000","","CORN","CORN, GRAIN - YIELD, MEASURED IN BU / ACRE","TOTAL","NOT SPECIFIED","48",""
"SURVEY","1949","YEAR","","STATE","MARYLAND","24","","","","","","","00000000","","CORN","CORN, GRAIN - YIELD, MEASURED IN BU / ACRE","TOTAL","NOT SPECIFIED","43",""
"SURVEY","1948","YEAR","","STATE","MARYLAND","24","","","","","","","00000000","","CORN","CORN, GRAIN - YIELD, MEASURED IN BU / ACRE","TOTAL","NOT SPECIFIED","45",""
"SURVEY","1947","YEAR","","STATE","MARYLAND","24","","","","","","","00000000","","CORN","CORN, GRAIN - YIELD, MEASURED IN BU / ACRE","TOTAL","NOT SPECIFIED","38",""
"SURVEY","1946","YEAR","","STATE","MARYLAND","24","","","","","","","00000000","","CORN","CORN, GRAIN - YIELD, MEASURED IN BU / ACRE","TOTAL","NOT SPECIFIED","43",""
"SURVEY","1945","YEAR","","STATE","MARYLAND","24","","","","","","","00000000","","CORN","CORN, GRAIN - YIELD, MEASURED IN BU / ACRE","TOTAL","NOT SPECIFIED","41",""
"SURVEY","1944","YEAR","","STATE","MARYLAND","24","","","","","","","00000000","","CORN","CORN, GRAIN - YIELD, MEASURED IN BU / ACRE","TOTAL","NOT SPECIFIED","35.3",""
"SURVEY","1943","YEAR","","STATE","MARYLAND","24","","","","","","","00000000","","CORN","CORN, GRAIN - YIELD, MEASURED IN BU / ACRE","TOTAL","NOT SPECIFIED","26",""
"SURVEY","1942","YEAR","","STATE","MARYLAND","24","","","","","","","00000000","","CORN","CORN, GRAIN - YIELD, MEASURED IN BU / ACRE","TOTAL","NOT SPECIFIED","36",""
"SURVEY","1941","YEAR","","STATE","MARYLAND","24","","","","","","","00000000","","CORN","CORN, GRAIN - YIELD, MEASURED IN BU / ACRE","TOTAL","NOT SPECIFIED","35",""
"SURVEY","1940","YEAR","","STATE","MARYLAND","24","","","","","","","00000000","","CORN","CORN, GRAIN - YIELD, MEASURED IN BU / ACRE","TOTAL","NOT SPECIFIED","34",""
"SURVEY","1939","YEAR","","STATE","MARYLAND","24","","","","","","","00000000","","CORN","CORN, GRAIN - YIELD, MEASURED IN BU / ACRE","TOTAL","NOT SPECIFIED","34",""
"SURVEY","1938","YEAR","","STATE","MARYLAND","24","","","","","","","00000000","","CORN","CORN, GRAIN - YIELD, MEASURED IN BU / ACRE","TOTAL","NOT SPECIFIED","36",""
"SURVEY","1937","YEAR","","STATE","MARYLAND","24","","","","","","","00000000","","CORN","CORN, GRAIN - YIELD, MEASURED IN BU / ACRE","TOTAL","NOT SPECIFIED","36",""
"SURVEY","1936","YEAR","","STATE","MARYLAND","24","","","","","","","00000000","","CORN","CORN, GRAIN - YIELD, MEASURED IN BU / ACRE","TOTAL","NOT SPECIFIED","36",""
"SURVEY","1935","YEAR","","STATE","MARYLAND","24","","","","","","","00000000","","CORN","CORN, GRAIN - YIELD, MEASURED IN BU / ACRE","TOTAL","NOT SPECIFIED","34",""
"SURVEY","1934","YEAR","","STATE","MARYLAND","24","","","","","","","00000000","","CORN","CORN, GRAIN - YIELD, MEASURED IN BU / ACRE","TOTAL","NOT SPECIFIED","29",""
"SURVEY","1933","YEAR","","STATE","MARYLAND","24","","","","","","","00000000","","CORN","CORN, GRAIN - YIELD, MEASURED IN BU / ACRE","TOTAL","NOT SPECIFIED","29",""
"SURVEY","1932","YEAR","","STATE","MARYLAND","24","","","","","","","00000000","","CORN","CORN, GRAIN - YIELD, MEASURED IN BU / ACRE","TOTAL","NOT SPECIFIED","29.5",""
"SURVEY","1931","YEAR","","STATE","MARYLAND","24","","","","","","","00000000","","CORN","CORN, GRAIN - YIELD, MEASURED IN BU / ACRE","TOTAL","NOT SPECIFIED","35.5",""
"SURVEY","1930","YEAR","","STATE","MARYLAND","24","","","","","","","00000000","","CORN","CORN, GRAIN - YIELD, MEASURED IN BU / ACRE","TOTAL","NOT SPECIFIED","14.5",""
"SURVEY","1929","YEAR","","STATE","MARYLAND","24","","","","","","","00000000","","CORN","CORN, GRAIN - YIELD, MEASURED IN BU / ACRE","TOTAL","NOT SPECIFIED","31.5",""
"SURVEY","1928","YEAR","","STATE","MARYLAND","24","","","","","","","00000000","","CORN","CORN, GRAIN - YIELD, MEASURED IN BU / ACRE","TOTAL","NOT SPECIFIED","31",""
"SURVEY","1927","YEAR","","STATE","MARYLAND","24","","","","","","","00000000","","CORN","CORN, GRAIN - YIELD, MEASURED IN BU / ACRE","TOTAL","NOT SPECIFIED","35.5",""
"SURVEY","1926","YEAR","","STATE","MARYLAND","24","","","","","","","00000000","","CORN","CORN, GRAIN - YIELD, MEASURED IN BU / ACRE","TOTAL","NOT SPECIFIED","32.5",""
"SURVEY","1925","YEAR","","STATE","MARYLAND","24","","","","","","","00000000","","CORN","CORN, GRAIN - YIELD, MEASURED IN BU / ACRE","TOTAL","NOT SPECIFIED","36.5",""
"SURVEY","1924","YEAR","","STATE","MARYLAND","24","","","","","","","00000000","","CORN","CORN, GRAIN - YIELD, MEASURED IN BU / ACRE","TOTAL","NOT SPECIFIED","28",""
"SURVEY","1923","YEAR","","STATE","MARYLAND","24","","","","","","","00000000","","CORN","CORN, GRAIN - YIELD, MEASURED IN BU / ACRE","TOTAL","NOT SPECIFIED","35",""
"SURVEY","1922","YEAR","","STATE","MARYLAND","24","","","","","","","00000000","","CORN","CORN, GRAIN - YIELD, MEASURED IN BU / ACRE","TOTAL","NOT SPECIFIED","34",""
"SURVEY","1921","YEAR","","STATE","MARYLAND","24","","","","","","","00000000","","CORN","CORN, GRAIN - YIELD, MEASURED IN BU / ACRE","TOTAL","NOT SPECIFIED","33",""
"SURVEY","1920","YEAR","","STATE","MARYLAND","24","","","","","","","00000000","","CORN","CORN, GRAIN - YIELD, MEASURED IN BU / ACRE","TOTAL","NOT SPECIFIED","32.5",""
"SURVEY","1919","YEAR","","STATE","MARYLAND","24","","","","","","","00000000","","CORN","CORN, GRAIN - YIELD, MEASURED IN BU / ACRE","TOTAL","NOT SPECIFIED","34",""
"SURVEY","1918","YEAR","","STATE","MARYLAND","24","","","","","","","00000000","","CORN","CORN, GRAIN - YIELD, MEASURED IN BU / ACRE","TOTAL","NOT SPECIFIED","31",""
"SURVEY","1917","YEAR","","STATE","MARYLAND","24","","","","","","","00000000","","CORN","CORN, GRAIN - YIELD, MEASURED IN BU / ACRE","TOTAL","NOT SPECIFIED","35",""
"SURVEY","1916","YEAR","","STATE","MARYLAND","24","","","","","","","00000000","","CORN","CORN, GRAIN - YIELD, MEASURED IN BU / ACRE","TOTAL","NOT SPECIFIED","35",""
"SURVEY","1915","YEAR","","STATE","MARYLAND","24","","","","","","","00000000","","CORN","CORN, GRAIN - YIELD, MEASURED IN BU / ACRE","TOTAL","NOT SPECIFIED","31.5",""
"SURVEY","1914","YEAR","","STATE","MARYLAND","24","","","","","","","00000000","","CORN","CORN, GRAIN - YIELD, MEASURED IN BU / ACRE","TOTAL","NOT SPECIFIED","33.5",""
"SURVEY","1913","YEAR","","STATE","MARYLAND","24","","","","","","","00000000","","CORN","CORN, GRAIN - YIELD, MEASURED IN BU / ACRE","TOTAL","NOT SPECIFIED","29.5",""
"SURVEY","1912","YEAR","","STATE","MARYLAND","24","","","","","","","00000000","","CORN","CORN, GRAIN - YIELD, MEASURED IN BU / ACRE","TOTAL","NOT SPECIFIED","33",""
"SURVEY","1911","YEAR","","STATE","MARYLAND","24","","","","","","","00000000","","CORN","CORN, GRAIN - YIELD, MEASURED IN BU / ACRE","TOTAL","NOT SPECIFIED","33",""
"SURVEY","1910","YEAR","","STATE","MARYLAND","24","","","","","","","00000000","","CORN","CORN, GRAIN - YIELD, MEASURED IN BU / ACRE","TOTAL","NOT SPECIFIED","30",""
"SURVEY","1909","YEAR","","STATE","MARYLAND","24","","","","","","","00000000","","CORN","CORN, GRAIN - YIELD, MEASURED IN BU / ACRE","TOTAL","NOT SPECIFIED","27.7",""
"SURVEY","1908","YEAR","","STATE","MARYLAND","24","","","","","","","00000000","","CORN","CORN, GRAIN - YIELD, MEASURED IN BU / ACRE","TOTAL","NOT SPECIFIED","31",""
"SURVEY","1907","YEAR","","STATE","MARYLAND","24","","","","","","","00000000","","CORN","CORN, GRAIN - YIELD, MEASURED IN BU / ACRE","TOTAL","NOT SPECIFIED","30.5",""
"SURVEY","1906","YEAR","","STATE","MARYLAND","24","","","","","","","00000000","","CORN","CORN, GRAIN - YIELD, MEASURED IN BU / ACRE","TOTAL","NOT SPECIFIED","31.5",""
"SURVEY","1905","YEAR","","STATE","MARYLAND","24","","","","","","","00000000","","CORN","CORN, GRAIN - YIELD, MEASURED IN BU / ACRE","TOTAL","NOT SPECIFIED","33.5",""
"SURVEY","1904","YEAR","","STATE","MARYLAND","24","","","","","","","00000000","","CORN","CORN, GRAIN - YIELD, MEASURED IN BU / ACRE","TOTAL","NOT SPECIFIED","30.5",""
"SURVEY","1903","YEAR","","STATE","MARYLAND","24","","","","","","","00000000","","CORN","CORN, GRAIN - YIELD, MEASURED IN BU / ACRE","TOTAL","NOT SPECIFIED","26",""
"SURVEY","1902","YEAR","","STATE","MARYLAND","24","","","","","","","00000000","","CORN","CORN, GRAIN - YIELD, MEASURED IN BU / ACRE","TOTAL","NOT SPECIFIED","28.5",""
"SURVEY","1901","YEAR","","STATE","MARYLAND","24","","","","","","","00000000","","CORN","CORN, GRAIN - YIELD, MEASURED IN BU / ACRE","TOTAL","NOT SPECIFIED","31.5",""
"SURVEY","1900","YEAR","","STATE","MARYLAND","24","","","","","","","00000000","","CORN","CORN, GRAIN - YIELD, MEASURED IN BU / ACRE","TOTAL","NOT SPECIFIED","24.5",""
"SURVEY","1899","YEAR","","STATE","MARYLAND","24","","","","","","","00000000","","CORN","CORN, GRAIN - YIELD, MEASURED IN BU / ACRE","TOTAL","NOT SPECIFIED","30",""
"SURVEY","1898","YEAR","","STATE","MARYLAND","24","","","","","","","00000000","","CORN","CORN, GRAIN - YIELD, MEASURED IN BU / ACRE","TOTAL","NOT SPECIFIED","26",""
"SURVEY","1897","YEAR","","STATE","MARYLAND","24","","","","","","","00000000","","CORN","CORN, GRAIN - YIELD, MEASURED IN BU / ACRE","TOTAL","NOT SPECIFIED","32",""
"SURVEY","1896","YEAR","","STATE","MARYLAND","24","","","","","","","00000000","","CORN","CORN, GRAIN - YIELD, MEASURED IN BU / ACRE","TOTAL","NOT SPECIFIED","30.5",""
"SURVEY","1895","YEAR","","STATE","MARYLAND","24","","","","","","","00000000","","CORN","CORN, GRAIN - YIELD, MEASURED IN BU / ACRE","TOTAL","NOT SPECIFIED","27",""
"SURVEY","1894","YEAR","","STATE","MARYLAND","24","","","","","","","00000000","","CORN","CORN, GRAIN - YIELD, MEASURED IN BU / ACRE","TOTAL","NOT SPECIFIED","23",""
"SURVEY","1893","YEAR","","STATE","MARYLAND","24","","","","","","","00000000","","CORN","CORN, GRAIN - YIELD, MEASURED IN BU / ACRE","TOTAL","NOT SPECIFIED","24",""
"SURVEY","1892","YEAR","","STATE","MARYLAND","24","","","","","","","00000000","","CORN","CORN, GRAIN - YIELD, MEASURED IN BU / ACRE","TOTAL","NOT SPECIFIED","26.5",""
"SURVEY","1891","YEAR","","STATE","MARYLAND","24","","","","","","","00000000","","CORN","CORN, GRAIN - YIELD, MEASURED IN BU / ACRE","TOTAL","NOT SPECIFIED","29",""
"SURVEY","1890","YEAR","","STATE","MARYLAND","24","","","","","","","00000000","","CORN","CORN, GRAIN - YIELD, MEASURED IN BU / ACRE","TOTAL","NOT SPECIFIED","26",""
"SURVEY","1889","YEAR","","STATE","MARYLAND","24","","","","","","","00000000","","CORN","CORN, GRAIN - YIELD, MEASURED IN BU / ACRE","TOTAL","NOT SPECIFIED","25.4",""
"SURVEY","1888","YEAR","","STATE","MARYLAND","24","","","","","","","00000000","","CORN","CORN, GRAIN - YIELD, MEASURED IN BU / ACRE","TOTAL","NOT SPECIFIED","27",""
"SURVEY","1887","YEAR","","STATE","MARYLAND","24","","","","","","","00000000","","CORN","CORN, GRAIN - YIELD, MEASURED IN BU / ACRE","TOTAL","NOT SPECIFIED","27.5",""
"SURVEY","1886","YEAR","","STATE","MARYLAND","24","","","","","","","00000000","","CORN","CORN, GRAIN - YIELD, MEASURED IN BU / ACRE","TOTAL","NOT SPECIFIED","23.5",""
"SURVEY","1885","YEAR","","STATE","MARYLAND","24","","","","","","","00000000","","CORN","CORN, GRAIN - YIELD, MEASURED IN BU / ACRE","TOTAL","NOT SPECIFIED","24",""
"SURVEY","1884","YEAR","","STATE","MARYLAND","24","","","","","","","00000000","","CORN","CORN, GRAIN - YIELD, MEASURED IN BU / ACRE","TOTAL","NOT SPECIFIED","23.5",""
"SURVEY","1883","YEAR","","STATE","MARYLAND","24","","","","","","","00000000","","CORN","CORN, GRAIN - YIELD, MEASURED IN BU / ACRE","TOTAL","NOT SPECIFIED","24.5",""
"SURVEY","1882","YEAR","","STATE","MARYLAND","24","","","","","","","00000000","","CORN","CORN, GRAIN - YIELD, MEASURED IN BU / ACRE","TOTAL","NOT SPECIFIED","26",""
"SURVEY","1881","YEAR","","STATE","MARYLAND","24","","","","","","","00000000","","CORN","CORN, GRAIN - YIELD, MEASURED IN BU / ACRE","TOTAL","NOT SPECIFIED","19",""
"SURVEY","1880","YEAR","","STATE","MARYLAND","24","","","","","","","00000000","","CORN","CORN, GRAIN - YIELD, MEASURED IN BU / ACRE","TOTAL","NOT SPECIFIED","24",""
"SURVEY","1879","YEAR","","STATE","MARYLAND","24","","","","","","","00000000","","CORN","CORN, GRAIN - YIELD, MEASURED IN BU / ACRE","TOTAL","NOT SPECIFIED","24",""
"SURVEY","1878","YEAR","","STATE","MARYLAND","24","","","","","","","00000000","","CORN","CORN, GRAIN - YIELD, MEASURED IN BU / ACRE","TOTAL","NOT SPECIFIED","22.5",""
"SURVEY","1877","YEAR","","STATE","MARYLAND","24","","","","","","","00000000","","CORN","CORN, GRAIN - YIELD, MEASURED IN BU / ACRE","TOTAL","NOT SPECIFIED","22.5",""
"SURVEY","1876","YEAR","","STATE","MARYLAND","24","","","","","","","00000000","","CORN","CORN, GRAIN - YIELD, MEASURED IN BU / ACRE","TOTAL","NOT SPECIFIED","24",""
"SURVEY","1875","YEAR","","STATE","MARYLAND","24","","","","","","","00000000","","CORN","CORN, GRAIN - YIELD, MEASURED IN BU / ACRE","TOTAL","NOT SPECIFIED","25",""
"SURVEY","1874","YEAR","","STATE","MARYLAND","24","","","","","","","00000000","","CORN","CORN, GRAIN - YIELD, MEASURED IN BU / ACRE","TOTAL","NOT SPECIFIED","21",""
"SURVEY","1873","YEAR","","STATE","MARYLAND","24","","","","","","","00000000","","CORN","CORN, GRAIN - YIELD, MEASURED IN BU / ACRE","TOTAL","NOT SPECIFIED","22.5",""
"SURVEY","1872","YEAR","","STATE","MARYLAND","24","","","","","","","00000000","","CORN","CORN, GRAIN - YIELD, MEASURED IN BU / ACRE","TOTAL","NOT SPECIFIED","22",""
"SURVEY","1871","YEAR","","STATE","MARYLAND","24","","","","","","","00000000","","CORN","CORN, GRAIN - YIELD, MEASURED IN BU / ACRE","TOTAL","NOT SPECIFIED","23.5",""
"SURVEY","1870","YEAR","","STATE","MARYLAND","24","","","","","","","00000000","","CORN","CORN, GRAIN - YIELD, MEASURED IN BU / ACRE","TOTAL","NOT SPECIFIED","22",""
"SURVEY","1869","YEAR","","STATE","MARYLAND","24","","","","","","","00000000","","CORN","CORN, GRAIN - YIELD, MEASURED IN BU / ACRE","TOTAL","NOT SPECIFIED","20",""
"SURVEY","1868","YEAR","","STATE","MARYLAND","24","","","","","","","00000000","","CORN","CORN, GRAIN - YIELD, MEASURED IN BU / ACRE","TOTAL","NOT SPECIFIED","23",""
"SURVEY","1867","YEAR","","STATE","MARYLAND","24","","","","","","","00000000","","CORN","CORN, GRAIN - YIELD, MEASURED IN BU / ACRE","TOTAL","NOT SPECIFIED","24",""
"SURVEY","1866","YEAR","","STATE","MARYLAND","24","","","","","","","00000000","","CORN","CORN, GRAIN - YIELD, MEASURED IN BU / ACRE","TOTAL","NOT SPECIFIED","25",""
